First Name,Last Name,UO ID #,Email Address
 Kyle M             ,Amsler,950344746,Amsler@uoregon.edu
 Donia R     ,Anoushiravani,950346165,Anoushiravani@uoregon.edu
 Chelsea C           ,Appel,950346514,Appel@uoregon.edu
 Sam             ,Appelbaum,950346649,Appelbaum@uoregon.edu
 Michael E        ,Arellano,950348295,Arellano@uoregon.edu
 Brandon T       ,Armstrong,950348434,Armstrong@uoregon.edu
 Ryan J              ,Asbra,950349689,Asbra@uoregon.edu
 John C             ,Atkins,950349813,Atkins@uoregon.edu
 Jesse M           ,Bablove,950349977,Bablove@uoregon.edu
 Alexander L       ,Baldwin,950350949,Baldwin@uoregon.edu
 Joseph D          ,Bartley,950351988,Bartley@uoregon.edu
 Constance M       ,Bartsch,950354502,Bartsch@uoregon.edu
 Lisa L              ,Baule,950356977,Baule@uoregon.edu
 Jamie M            ,Baynes,950357040,Baynes@uoregon.edu
 Eric D           ,Belanger,950362242,Belanger@uoregon.edu
 Jesse A           ,Belcher,950363534,Belcher@uoregon.edu
 Stephan L         ,Bellows,950365361,Bellows@uoregon.edu
 Bjanikka M            ,Ben,950365390,Ben@uoregon.edu
 Matt W           ,Benjamin,950366521,Benjamin@uoregon.edu
 Adrienne N        ,Bennett,950367628,Bennett@uoregon.edu
 Darren B           ,Benton,950370088,Benton@uoregon.edu
 Cody A             ,Berger,950372487,Berger@uoregon.edu
 Mary M             ,Bersch,950372907,Bersch@uoregon.edu
 Edward F         ,Bertrand,950372969,Bertrand@uoregon.edu
 Tyler J           ,Bertsch,950373021,Bertsch@uoregon.edu
 Matthew G         ,Beutler,950373781,Beutler@uoregon.edu
 Cody A          ,Bjorklund,950373800,Bjorklund@uoregon.edu
 Jessica K           ,Black,950373907,Black@uoregon.edu
 Ronee N         ,Blackwell,950373991,Blackwell@uoregon.edu
 Daniel P            ,Boler,950374330,Boler@uoregon.edu
 Desmond S           ,Boots,950374465,Boots@uoregon.edu
 Dillon E            ,Borta,950374518,Borta@uoregon.edu
 Jerome A             ,Boyd,950375223,Boyd@uoregon.edu
 Kevin G            ,Bozada,950375233,Bozada@uoregon.edu
 Michael R         ,Brandes,950375276,Brandes@uoregon.edu
 Erin E             ,Briggs,950375602,Briggs@uoregon.edu
 Aaron J            ,Brooks,950376166,Brooks@uoregon.edu
 Jason A            ,Brophy,950376593,Brophy@uoregon.edu
 Chandler D        ,Bruning,950376698,Bruning@uoregon.edu
 Alexander M         ,Bryan,950376725,Bryan@uoregon.edu
 Mackenzie M        ,Bryant,950376876,Bryant@uoregon.edu
 Annemarie            ,Buhl,950376879,Buhl@uoregon.edu
 David B          ,Buzanski,950378347,Buzanski@uoregon.edu
 Matthew P        ,Callahan,950378744,Callahan@uoregon.edu
 Stephanie S      ,Callahan,950378794,Callahan@uoregon.edu
 Carrie M         ,Calonico,950379798,Calonico@uoregon.edu
 Neil J            ,Calvert,950380782,Calvert@uoregon.edu
 Jessica M          ,Cambra,950381552,Cambra@uoregon.edu
 Nick C             ,Cangie,950381910,Cangie@uoregon.edu
 David J             ,Capps,950383119,Capps@uoregon.edu
 Timothy D        ,Carbaugh,950383466,Carbaugh@uoregon.edu
 Jennifer            ,Carey,950383571,Carey@uoregon.edu
 Lindsey C         ,Carlson,950383748,Carlson@uoregon.edu
 Hannah M          ,Carmody,950384463,Carmody@uoregon.edu
 Nathan S        ,Carpenter,950385230,Carpenter@uoregon.edu
 Mitchell C         ,Carver,950386886,Carver@uoregon.edu
 Eric M            ,Cassani,950386944,Cassani@uoregon.edu
 Kaitlin E        ,Cathcart,950386958,Cathcart@uoregon.edu
 Joevan E           ,Catron,950387189,Catron@uoregon.edu
 Katie D          ,Caudillo,950387470,Caudillo@uoregon.edu
 Evan C           ,Centanni,950387598,Centanni@uoregon.edu
 Ji Young A          ,Chang,950387962,Chang@uoregon.edu
 Christopher W   ,Chantland,950388525,Chantland@uoregon.edu
 Darius C          ,Chapman,950388848,Chapman@uoregon.edu
 Gillian R         ,Charles,950389471,Charles@uoregon.edu
 Michael P            ,Choi,950389906,Choi@uoregon.edu
 Sonja E              ,Choi,950390764,Choi@uoregon.edu
 Patrick C           ,Chung,950391104,Chung@uoregon.edu
 Jordan M             ,Clay,950391190,Clay@uoregon.edu
 Cody J              ,Clyde,950391213,Clyde@uoregon.edu
 Jennifer A          ,Cohen,950391297,Cohen@uoregon.edu
 Robert W          ,Coleman,950391313,Coleman@uoregon.edu
 Alexander     ,Cornelissen,950391838,Cornelissen@uoregon.edu
 Benjamin         ,Crockett,950392919,Crockett@uoregon.edu
 Elizabeth H        ,Cronan,950393573,Cronan@uoregon.edu
 Brett A             ,Crowe,950395338,Crowe@uoregon.edu
 Nathan M         ,Crummett,950396166,Crummett@uoregon.edu
 Peter A           ,Cushman,950396545,Cushman@uoregon.edu
 Evan T            ,Daggett,950396566,Daggett@uoregon.edu
 Kevin C             ,Davis,950396577,Davis@uoregon.edu
 Adam S        ,Davis-Turak,950396955,Davis-Turak@uoregon.edu
 Nicolas P ,De Saint Phalle,950397033,De Saint Phalle@uoregon.edu
 Austin D         ,DeKoning,950398408,DeKoning@uoregon.edu
 Bruno B          ,DeToledo,950400692,DeToledo@uoregon.edu
 Brandon T            ,Dean,950401600,Dean@uoregon.edu
 Kassandra T       ,Debaldo,950401654,Debaldo@uoregon.edu
 Brian R            ,Dehaan,950403035,Dehaan@uoregon.edu
 Kody M            ,Delnick,950404485,Delnick@uoregon.edu
 Brittanya L        ,Demers,950404612,Demers@uoregon.edu
 Ryan M             ,Depalo,950404726,Depalo@uoregon.edu
 Laura A             ,Dewey,950406950,Dewey@uoregon.edu
 Nicholas A           ,Diaz,950407467,Diaz@uoregon.edu
 Johnathan M       ,Difonzo,950407713,Difonzo@uoregon.edu
 Todd L             ,Disher,950408891,Disher@uoregon.edu
 Brooke M            ,Dixon,950410035,Dixon@uoregon.edu
 Dennis L            ,Dixon,950410204,Dixon@uoregon.edu
 Virginia R        ,Donaghy,950410925,Donaghy@uoregon.edu
 Kate E            ,Dondero,950411076,Dondero@uoregon.edu
 Bradly A           ,Dorman,950412094,Dorman@uoregon.edu
 Evan C           ,Drommond,950412150,Drommond@uoregon.edu
 Joseph A          ,Edeiken,950412312,Edeiken@uoregon.edu
 Christopher N     ,Edwards,950413037,Edwards@uoregon.edu
 Christopher E      ,Egging,950413210,Egging@uoregon.edu
 Brian M             ,Elder,950413852,Elder@uoregon.edu
 Blair S         ,Ellsworth,950415746,Ellsworth@uoregon.edu
 Yvonne M        ,Ellsworth,950417187,Ellsworth@uoregon.edu
 Matthew J          ,Faloon,950417794,Faloon@uoregon.edu
 Dylan B              ,Fast,950418386,Fast@uoregon.edu
 Charles T             ,Fee,950418435,Fee@uoregon.edu
 Meghan A            ,Ferns,950418797,Ferns@uoregon.edu
 Kevin M       ,Fickenscher,950420399,Fickenscher@uoregon.edu
 Rebecca A          ,Finkel,950421233,Finkel@uoregon.edu
 Travis             ,Finley,950421651,Finley@uoregon.edu
 Brian R        ,Fitzgerald,950422028,Fitzgerald@uoregon.edu
 Breanna J         ,Fleming,950422617,Fleming@uoregon.edu
 Micheal J         ,Fleming,950422811,Fleming@uoregon.edu
 Hannah T         ,Fletcher,950423305,Fletcher@uoregon.edu
 Traci K         ,Flitcraft,950424455,Flitcraft@uoregon.edu
 Anthony D          ,Flores,950424999,Flores@uoregon.edu
 Kelly J            ,Flower,950426107,Flower@uoregon.edu
 Christina M         ,Flynn,950426766,Flynn@uoregon.edu
 Tyler W              ,Ford,950426999,Ford@uoregon.edu
 Timothy L          ,Forden,950427021,Forden@uoregon.edu
 Alexandra L        ,Foster,950427579,Foster@uoregon.edu
 Matthew D           ,Frick,950427709,Frick@uoregon.edu
 Matthew B          ,Froman,950428682,Froman@uoregon.edu
 Sean R           ,Gallarde,950428707,Gallarde@uoregon.edu
 Loren C             ,Gandy,950428834,Gandy@uoregon.edu
 Jessie C           ,Garcia,950429481,Garcia@uoregon.edu
 Kevin D           ,Garrett,950429581,Garrett@uoregon.edu
 Sarah C            ,Garver,950429893,Garver@uoregon.edu
 Ryan M           ,Gatewood,950429920,Gatewood@uoregon.edu
 Warren A           ,Gawlik,950430977,Gawlik@uoregon.edu
 Andrew L             ,Gerl,950431628,Gerl@uoregon.edu
 Russell C           ,Gerwe,950431816,Gerwe@uoregon.edu
 Jeffrey F            ,Gibb,950431976,Gibb@uoregon.edu
 Geoffrey C      ,Gilchrist,950432190,Gilchrist@uoregon.edu
 Kyle A            ,Glasner,950433616,Glasner@uoregon.edu
 Willie R          ,Glasper,950435436,Glasper@uoregon.edu
 Daniel J            ,Glass,950437158,Glass@uoregon.edu
 Amy D              ,Goeken,950438597,Goeken@uoregon.edu
 Jazmin C            ,Goire,950438910,Goire@uoregon.edu
 Ian P            ,Goldfarb,950439165,Goldfarb@uoregon.edu
 David L          ,Goodrich,950439359,Goodrich@uoregon.edu
 Daniela M            ,Gori,950439476,Gori@uoregon.edu
 Kerin A             ,Green,950439601,Green@uoregon.edu
 Zoe C     ,Greenberg-Huber,950439643,Greenberg-Huber@uoregon.edu
 Sarah A       ,Greenberger,950439680,Greenberger@uoregon.edu
 Eric S          ,Greenwood,950439748,Greenwood@uoregon.edu
 Shimeon M       ,Greenwood,950440032,Greenwood@uoregon.edu
 Andrew J            ,Greif,950440061,Greif@uoregon.edu
 Jenna M           ,Gribbin,950440444,Gribbin@uoregon.edu
 Mark G            ,Griffin,950440620,Griffin@uoregon.edu
 Elizabeth N         ,Grigg,950441176,Grigg@uoregon.edu
 Bret B          ,Groefsema,950441527,Groefsema@uoregon.edu
 Victor M  ,Guardia Fiestas,950443278,Guardia Fiestas@uoregon.edu
 Benjamin M        ,Gumport,950443289,Gumport@uoregon.edu
 John C             ,Gutman,950443529,Gutman@uoregon.edu
 Joel D               ,Haga,950444564,Haga@uoregon.edu
 Bertram J           ,Haine,950444883,Haine@uoregon.edu
 Malik S          ,Hairston,950445124,Hairston@uoregon.edu
 Brian J          ,Halbrook,950445152,Halbrook@uoregon.edu
 David C         ,Hamburger,950445201,Hamburger@uoregon.edu
 Kristopher I      ,Hammond,950445416,Hammond@uoregon.edu
 Kendra             ,Handke,950445676,Handke@uoregon.edu
 James E           ,Hankins,950446295,Hankins@uoregon.edu
 Caitlin M          ,Hannah,950446359,Hannah@uoregon.edu
 Justin D           ,Hansen,950446787,Hansen@uoregon.edu
 Hunter R           ,Hanson,950447048,Hanson@uoregon.edu
 Travis L            ,Hardy,950448954,Hardy@uoregon.edu
 Sarah N            ,Harmon,950449492,Harmon@uoregon.edu
 Matthew A          ,Harper,950449734,Harper@uoregon.edu
 Nicholas B     ,Harrington,950449976,Harrington@uoregon.edu
 Kyle R             ,Harris,950450141,Harris@uoregon.edu
 David B          ,Harrison,950450661,Harrison@uoregon.edu
 Katherine M      ,Harrison,950450909,Harrison@uoregon.edu
 Jesse E              ,Hart,950451559,Hart@uoregon.edu
 Jack J              ,Hasty,950452360,Hasty@uoregon.edu
 Aaron          ,Hellickson,950452684,Hellickson@uoregon.edu
 Cameron M       ,Hendricks,950452890,Hendricks@uoregon.edu
 Nicholas R          ,Hiatt,950452925,Hiatt@uoregon.edu
 David M              ,Hill,950452941,Hill@uoregon.edu
 Alexander R         ,Hjort,950453260,Hjort@uoregon.edu
 Chelsea R            ,Holt,950453587,Holt@uoregon.edu
 Gary L             ,Horton,950454023,Horton@uoregon.edu
 William M          ,Hosken,950454070,Hosken@uoregon.edu
 Allison G         ,Howells,950454285,Howells@uoregon.edu
 Xiayun              ,Huang,950454305,Huang@uoregon.edu
 Eric E             ,Hubert,950454525,Hubert@uoregon.edu
 Catherine J        ,Hughes,950454608,Hughes@uoregon.edu
 Nam D               ,Huynh,950456535,Huynh@uoregon.edu
 Joshua T            ,Hyams,950456933,Hyams@uoregon.edu
 Ingrid I             ,Ioan,950457317,Ioan@uoregon.edu
 Julian L ,Isaacson Manning,950457444,Isaacson Manning@uoregon.edu
 Trisha L          ,Jackson,950458686,Jackson@uoregon.edu
 Tyler W           ,Jackson,950459186,Jackson@uoregon.edu
 Brandon T          ,Jacobs,950459394,Jacobs@uoregon.edu
 Max A      ,Jacobson-Fried,950459740,Jacobson-Fried@uoregon.edu
 Bryn H            ,Jansson,950459742,Jansson@uoregon.edu
 Tyler P             ,Jayne,950459787,Jayne@uoregon.edu
 Sarah E            ,Jensen,950461072,Jensen@uoregon.edu
 William D          ,Jensen,950461113,Jensen@uoregon.edu
 Amber L           ,Johnson,950461576,Johnson@uoregon.edu
 Caleb D           ,Johnson,950461625,Johnson@uoregon.edu
 Katelynn A        ,Johnson,950463755,Johnson@uoregon.edu
 Michael J         ,Johnson,950464255,Johnson@uoregon.edu
 Steven T          ,Johnson,950464864,Johnson@uoregon.edu
 Tyler E           ,Johnson,950464960,Johnson@uoregon.edu
 Chelsea E           ,Jones,950465201,Jones@uoregon.edu
 Evan D              ,Jones,950465602,Jones@uoregon.edu
 Philip R            ,Jones,950465853,Jones@uoregon.edu
 Erin E            ,Jurevic,950466436,Jurevic@uoregon.edu
 Jared D               ,Kam,950466667,Kam@uoregon.edu
 Hae Jeong            ,Kang,950466828,Kang@uoregon.edu
 Getachew M          ,Kassa,950467026,Kassa@uoregon.edu
 Troy R               ,Keys,950467687,Keys@uoregon.edu
 Guru Amrit S       ,Khalsa,950467691,Khalsa@uoregon.edu
 Crystal M          ,Kiesow,950467880,Kiesow@uoregon.edu
 Atira J               ,Kim,950468441,Kim@uoregon.edu
 Lance A          ,Kinnaird,950468790,Kinnaird@uoregon.edu
 Jill N             ,Kipisz,950468896,Kipisz@uoregon.edu
 Kelly C           ,Kitchel,950469982,Kitchel@uoregon.edu
 Jeffrey J           ,Kneis,950470758,Kneis@uoregon.edu
 Rachael J           ,Knope,950471143,Knope@uoregon.edu
 Sean P              ,Koger,950471157,Koger@uoregon.edu
 John B             ,Kohler,950471645,Kohler@uoregon.edu
 Rose M             ,Kostur,950471929,Kostur@uoregon.edu
 Aidan A          ,Krainock,950472278,Krainock@uoregon.edu
 Amanda A            ,Kroon,950472316,Kroon@uoregon.edu
 Chang-Mo               ,Ku,950472640,Ku@uoregon.edu
 Dina J             ,Kupfer,950472713,Kupfer@uoregon.edu
 Joseph M         ,Kurowski,950472891,Kurowski@uoregon.edu
 Ryan C            ,LasCano,950473528,LasCano@uoregon.edu
 Amy L                 ,Lee,950474775,Lee@uoregon.edu
 Chia-Hsin             ,Lee,950475016,Lee@uoregon.edu
 Amy E              ,Leikas,950476210,Leikas@uoregon.edu
 Jonathan F           ,Lent,950476612,Lent@uoregon.edu
 Maarten A          ,Leunen,950479749,Leunen@uoregon.edu
 Asha N           ,Lewellen,950481288,Lewellen@uoregon.edu
 Nicholas K         ,Lilles,950481768,Lilles@uoregon.edu
 Katherine J         ,Lilly,950482039,Lilly@uoregon.edu
 Melissa R          ,Little,950484706,Little@uoregon.edu
 Henry W             ,Lloyd,950484954,Lloyd@uoregon.edu
 Dustin K            ,Locke,950486469,Locke@uoregon.edu
 Leslie A            ,Logan,950487194,Logan@uoregon.edu
 Isaac J              ,Long,950487395,Long@uoregon.edu
 Lekendric U      ,Longmire,950487793,Longmire@uoregon.edu
 Benjamin L         ,Looney,950487876,Looney@uoregon.edu
 Kenneth D            ,Love,950487885,Love@uoregon.edu
 Alyssa R            ,Lubov,950488036,Lubov@uoregon.edu
 Kristen L       ,Ludwigsen,950490512,Ludwigsen@uoregon.edu
 Kyle D           ,Luttrell,950492040,Luttrell@uoregon.edu
 Erik L             ,Lyneis,950492237,Lyneis@uoregon.edu
 Maximilian D         ,Lyon,950492696,Lyon@uoregon.edu
 Melissa A           ,Lyons,950492958,Lyons@uoregon.edu
 Ryan P              ,Maher,950493290,Maher@uoregon.edu
 Vahid        ,Manie-Oskoii,950493644,Manie-Oskoii@uoregon.edu
 Dexter K           ,Manley,950493724,Manley@uoregon.edu
 Scott M            ,Marian,950493860,Marian@uoregon.edu
 Adam J              ,Marin,950494162,Marin@uoregon.edu
 Will T              ,Marin,950494191,Marin@uoregon.edu
 Jeremy A           ,Markiz,950494619,Markiz@uoregon.edu
 Kelli A            ,Martin,950495668,Martin@uoregon.edu
 Jeffrey D       ,Masterson,950496728,Masterson@uoregon.edu
 Jacob J             ,Mauck,950497098,Mauck@uoregon.edu
 Cameron L        ,Mc Kirdy,950497434,Mc Kirdy@uoregon.edu
 Amanda M         ,McCarter,950498942,McCarter@uoregon.edu
 Brian J         ,McCormick,950498969,McCormick@uoregon.edu
 Tabitha A        ,McDonald,950499362,McDonald@uoregon.edu
 Samantha J       ,McFadden,950501819,McFadden@uoregon.edu
 Mark O            ,McInnis,950502169,McInnis@uoregon.edu
 David J          ,McIntyre,950502189,McIntyre@uoregon.edu
 Mathew            ,McMahon,950503020,McMahon@uoregon.edu
 Kelley A           ,McNutt,950505144,McNutt@uoregon.edu
 Erich J             ,McVey,950505764,McVey@uoregon.edu
 Rowan M              ,Mead,950506009,Mead@uoregon.edu
 Alyssa A           ,Mealue,950506189,Mealue@uoregon.edu
 Jordan C          ,Melland,950507276,Melland@uoregon.edu
 Marissa N          ,Mellor,950508096,Mellor@uoregon.edu
 Justin A           ,Melson,950508580,Melson@uoregon.edu
 Paul L            ,Messner,950509142,Messner@uoregon.edu
 Colin T          ,Milstead,950509240,Milstead@uoregon.edu
 Sandra            ,Miranda,950509572,Miranda@uoregon.edu
 Niles R          ,Mittasch,950509747,Mittasch@uoregon.edu
 Nyla K              ,Moore,950510397,Moore@uoregon.edu
 Ombrea R            ,Moore,950511017,Moore@uoregon.edu
 Brian T            ,Morgan,950511048,Morgan@uoregon.edu
 Leigh S          ,Mortlock,950511576,Mortlock@uoregon.edu
 Cody R            ,Moulton,950511594,Moulton@uoregon.edu
 Tyler P             ,Mount,950512576,Mount@uoregon.edu
 Colin T          ,Mulligan,950512968,Mulligan@uoregon.edu
 Cameron J          ,Murphy,950513088,Murphy@uoregon.edu
 Casey F             ,Murry,950513476,Murry@uoregon.edu
 Steven C         ,Murschel,950513533,Murschel@uoregon.edu
 Sheridan L          ,Musil,950513539,Musil@uoregon.edu
 Danielle A          ,Myers,950513736,Myers@uoregon.edu
 Greta M            ,Nelson,950513760,Nelson@uoregon.edu
 James H            ,Neshek,950514049,Neshek@uoregon.edu
 Matthew B       ,Nicholson,950514050,Nicholson@uoregon.edu
 Ashley M          ,Nielsen,950514397,Nielsen@uoregon.edu
 Eric G            ,Nielson,950515186,Nielson@uoregon.edu
 Mariko                 ,No,950516822,No@uoregon.edu
 Atira D             ,Noyes,950517144,Noyes@uoregon.edu
 Braden S            ,Noyes,950517313,Noyes@uoregon.edu
 John M           ,O'Connor,950517880,O'Connor@uoregon.edu
 Chamberlain        ,Oguchi,950518128,Oguchi@uoregon.edu
 Micah I             ,Ortiz,950520211,Ortiz@uoregon.edu
 Manaka             ,Oshima,950520924,Oshima@uoregon.edu
 Spenser L         ,Overton,950521610,Overton@uoregon.edu
 Allison R      ,Panzarella,950521708,Panzarella@uoregon.edu
 Max T               ,Parra,950521738,Parra@uoregon.edu
 Kyle              ,Parsons,950522122,Parsons@uoregon.edu
 Emily M          ,Paterson,950522545,Paterson@uoregon.edu
 Jessica L          ,Payton,950522737,Payton@uoregon.edu
 Michael P         ,Pearson,950523397,Pearson@uoregon.edu
 Brea-Anne        ,Pedersen,950524636,Pedersen@uoregon.edu
 Chad C            ,Peppars,950527547,Peppars@uoregon.edu
 Cheryl K      ,Perkerewicz,950527659,Perkerewicz@uoregon.edu
 Norris W          ,Perkins,950528496,Perkins@uoregon.edu
 Katherine A      ,Peterson,950530369,Peterson@uoregon.edu
 Luke E            ,Philips,950530807,Philips@uoregon.edu
 Sherah L        ,Pickerign,950532194,Pickerign@uoregon.edu
 Blair H            ,Pickus,950532642,Pickus@uoregon.edu
 Joseph D          ,Placido,950532860,Placido@uoregon.edu
 Andrew R         ,Plambeck,950532867,Plambeck@uoregon.edu
 Mitchell J          ,Platt,950533096,Platt@uoregon.edu
 Joshua R          ,Plotkin,950533103,Plotkin@uoregon.edu
 Tajuan M           ,Porter,950533189,Porter@uoregon.edu
 Andrew W             ,Post,950533205,Post@uoregon.edu
 Andrew L           ,Powers,950533738,Powers@uoregon.edu
 Brittany L         ,Powers,950535702,Powers@uoregon.edu
 Andrew M          ,Purcell,950535967,Purcell@uoregon.edu
 Hajara C            ,Quinn,950537246,Quinn@uoregon.edu
 Jose F              ,Ramos,950537802,Ramos@uoregon.edu
 Christopher A      ,Ramsby,950539388,Ramsby@uoregon.edu
 Kyle B             ,Ratoza,950539855,Ratoza@uoregon.edu
 Travis K             ,Redd,950539941,Redd@uoregon.edu
 Matthew B            ,Reis,950539955,Reis@uoregon.edu
 Kaitlyn B         ,Reisner,950541033,Reisner@uoregon.edu
 Brett R             ,Reiss,950541964,Reiss@uoregon.edu
 Jenna M             ,Reiss,950550038,Reiss@uoregon.edu
 Aaron A            ,Renner,950550235,Renner@uoregon.edu
 Amanda T           ,Rhoads,950553729,Rhoads@uoregon.edu
 Tylor P              ,Rial,950554903,Rial@uoregon.edu
 Samuel D           ,Rivera,950554982,Rivera@uoregon.edu
 Timothy J       ,Robertson,950555509,Robertson@uoregon.edu
 Amy M            ,Robinson,950558017,Robinson@uoregon.edu
 Tahlia M         ,Robinson,950558107,Robinson@uoregon.edu
 Forrest Q           ,Roden,950561195,Roden@uoregon.edu
 Shereen R       ,Rodrigues,950561212,Rodrigues@uoregon.edu
 Cara M             ,Rolufs,950561507,Rolufs@uoregon.edu
 Megan A            ,Romero,950561631,Romero@uoregon.edu
 Nikolai D       ,Ronningen,950562192,Ronningen@uoregon.edu
 Dante S           ,Rosario,950562864,Rosario@uoregon.edu
 David A            ,Rosman,950562967,Rosman@uoregon.edu
 Daniel L           ,Rosove,950563160,Rosove@uoregon.edu
 Terra M           ,Rothman,950568493,Rothman@uoregon.edu
 James F          ,Roullier,950620234,Roullier@uoregon.edu
 Kyle J              ,Roush,950621617,Roush@uoregon.edu
 Ryan D            ,Rustrum,950711131,Rustrum@uoregon.edu
 Thomas W           ,Sabiel,950737580,Sabiel@uoregon.edu
 Ian P           ,Samhammer,950737698,Samhammer@uoregon.edu
 Raymond W         ,Santosa,950737753,Santosa@uoregon.edu
 Jamal A            ,Sarkez,950737821,Sarkez@uoregon.edu
 Raymond L         ,Schafer,950737946,Schafer@uoregon.edu
 Joseph           ,Schmeits,950738292,Schmeits@uoregon.edu
 Andrew T           ,Schoch,950738436,Schoch@uoregon.edu
 Danielle R      ,Schumaker,950738774,Schumaker@uoregon.edu
 Bryan D          ,Schuster,950738999,Schuster@uoregon.edu
 Joseph P            ,Scott,950739061,Scott@uoregon.edu
 Whitney M         ,Seamons,950771013,Seamons@uoregon.edu
 Maxwell E           ,Sears,950771638,Sears@uoregon.edu
 Megan A             ,Sedey,950771766,Sedey@uoregon.edu
 Deborah A         ,Sheehan,950779040,Sheehan@uoregon.edu
 Jared N             ,Sherr,950797679,Sherr@uoregon.edu
 Paul M            ,Sherwin,950904537,Sherwin@uoregon.edu
 Daniel T            ,Smith,950904806,Smith@uoregon.edu
 Darrell A           ,Smith,950906817,Smith@uoregon.edu
 Perry M             ,Smith,950907013,Smith@uoregon.edu
 Andrew P        ,Soderberg,950907212,Soderberg@uoregon.edu
 Else J           ,Soelling,950907936,Soelling@uoregon.edu
 Jered H            ,Souder,950907992,Souder@uoregon.edu
 Amanda N           ,Sparks,950908206,Sparks@uoregon.edu
 Katherine E      ,St Clair,950908231,St Clair@uoregon.edu
 Nathan B       ,Stansfield,950908405,Stansfield@uoregon.edu
 Brendan M     ,Stater-West,950908509,Stater-West@uoregon.edu
 Malena D        ,Stevenson,950908614,Stevenson@uoregon.edu
 Kayla M           ,Stewart,950909640,Stewart@uoregon.edu
 Garren W           ,Strong,950909763,Strong@uoregon.edu
 Holly M          ,Sullivan,950910288,Sullivan@uoregon.edu
 Joshua D            ,Swake,950910310,Swake@uoregon.edu
 Carl D            ,Swanson,950910665,Swanson@uoregon.edu
 Justin E        ,Swiridoff,950911046,Swiridoff@uoregon.edu
 Yi L                ,Szeto,950911407,Szeto@uoregon.edu
 Lila E               ,Taff,950911756,Taff@uoregon.edu
 Anthony K           ,Talal,950912195,Talal@uoregon.edu
 Kylan W            ,Taylor,950912817,Taylor@uoregon.edu
 Timothy O          ,Taylor,950912979,Taylor@uoregon.edu
 Christopher D      ,Thomas,950913358,Thomas@uoregon.edu
 Kelsey R         ,Thompson,950913624,Thompson@uoregon.edu
 David C           ,Tinsley,950913631,Tinsley@uoregon.edu
 Daniel         ,Tkebuchava,950913849,Tkebuchava@uoregon.edu
 Mataifale A       ,Toeaina,950913956,Toeaina@uoregon.edu
 Patrick J     ,Tomasiewicz,950914188,Tomasiewicz@uoregon.edu
 Matthew H           ,Tracy,950914263,Tracy@uoregon.edu
 Josh W           ,Tschirgi,950914645,Tschirgi@uoregon.edu
 Laveai A          ,Tuitele,950915040,Tuitele@uoregon.edu
 Ryan              ,Tunmore,950915227,Tunmore@uoregon.edu
 Michael J      ,Turnipseed,950915243,Turnipseed@uoregon.edu
 Cassandra P        ,Ulrich,950915832,Ulrich@uoregon.edu
 Robert A            ,Unger,950915872,Unger@uoregon.edu
 Katherin L ,Van Bronkhorst,950916013,Van Bronkhorst@uoregon.edu
 Kristin M        ,Vandehey,950916403,Vandehey@uoregon.edu
 Robin                ,Vick,950916869,Vick@uoregon.edu
 Jason N         ,Visenberg,950916893,Visenberg@uoregon.edu
 Michael L       ,Visenberg,950917632,Visenberg@uoregon.edu
 Prairie B           ,Walen,950918986,Walen@uoregon.edu
 Michelle M          ,Wales,950919061,Wales@uoregon.edu
 Andrew W           ,Walker,950919331,Walker@uoregon.edu
 Kyle A             ,Warren,950919469,Warren@uoregon.edu
 Maile          ,Warrington,950921019,Warrington@uoregon.edu
 Andrea L          ,Watkins,950921280,Watkins@uoregon.edu
 Brandon T            ,Watt,950921324,Watt@uoregon.edu
 Taber C              ,Webb,950921465,Webb@uoregon.edu
 Kevin J             ,Wells,950921506,Wells@uoregon.edu
 Elana B            ,Wendel,950922781,Wendel@uoregon.edu
 Terrence H      ,Whitehead,950924527,Whitehead@uoregon.edu
 Michael P         ,Whitman,950925239,Whitman@uoregon.edu
 Stephen J        ,Wiechert,950925608,Wiechert@uoregon.edu
 Sean D             ,Wilcox,950925867,Wilcox@uoregon.edu
 Daniel R        ,Wilkinson,950927509,Wilkinson@uoregon.edu
 Elizabeth K         ,Wilks,950928153,Wilks@uoregon.edu
 Adam D              ,Wille,950928618,Wille@uoregon.edu
 Matthew A        ,Williams,950929547,Williams@uoregon.edu
 Rachel D         ,Williams,950930716,Williams@uoregon.edu
 Madeline R        ,Willman,950930773,Willman@uoregon.edu
 Laura A           ,Wittkop,950931030,Wittkop@uoregon.edu
 John C              ,Woida,950932674,Woida@uoregon.edu
 Scott R             ,Wolfe,950932971,Wolfe@uoregon.edu
 Jordan B           ,Wolfer,950936517,Wolfer@uoregon.edu
 Brady J           ,Wolford,950940400,Wolford@uoregon.edu
 Jenny A           ,Yaillen,950942373,Yaillen@uoregon.edu
 Elhaam A            ,Yazdi,950950670,Yazdi@uoregon.edu
 Misty R        ,Zakrzewski,950964162,Zakrzewski@uoregon.edu
 Riehel M       ,Zereyhoune,950967024,Zereyhoune@uoregon.edu
 Zach S          ,Zollinger,950967066,Zollinger@uoregon.edu
 Dovey M           ,Zollman,950975299,Zollman@uoregon.edu
 Peter C        ,Zoumboukos,950986700,Zoumboukos@uoregon.edu